"question","answer"
"Evaluate trip feasibility and formulate travel intelligence for a 6-day family trip (4 travelers) from Mumbai to Kashmir (Srinagar, Gulmarg, Pahalgam) with total budget INR 40,000. Traveler persona: Family with children. Intercity flights land at Srinagar Airport at 11:30 AM Day 1.","{""feasibilityScore"": 94, ""budgetAssessment"": {""totalEstimatedCost"": 36400, ""approvedBudget"": 40000, ""remainingBuffer"": 3600, ""status"": ""WITHIN_BUDGET"", ""recommendation"": ""Estimated expenses are 91% of approved budget, keeping a safe 9% contingency reserve.""}, ""pacingProfile"": ""FAMILY_RELAXED"", ""recommendedHighlights"": [{""day"": 1, ""timeSlot"": ""AFTERNOON"", ""activityName"": ""Dal Lake Sunset Shikara & Houseboat Check-in"", ""category"": ""Sightseeing"", ""estimatedCost"": 1200, ""durationMinutes"": 90, ""weatherProof"": false}, {""day"": 2, ""timeSlot"": ""MORNING"", ""activityName"": ""Mughal Gardens (Nishat & Shalimar Bagh)"", ""category"": ""Nature & Heritage"", ""estimatedCost"": 600, ""durationMinutes"": 120, ""weatherProof"": false}, {""day"": 3, ""timeSlot"": ""MORNING"", ""activityName"": ""Gulmarg Gondola Phase 1 Scenic Ride"", ""category"": ""Scenic Adventure"", ""estimatedCost"": 3200, ""durationMinutes"": 180, ""weatherProof"": true}], ""disruptionContingency"": {""weatherRisk"": ""MODERATE"", ""indoorAlternative"": ""Sri Pratap Singh Museum Lal Mandi and Kashmir Arts Emporium""}}"
"A flight arriving in Srinagar is delayed by 3.5 hours, landing at 03:00 PM instead of 11:30 AM on Day 1. The original itinerary scheduled: 12:30 PM Hotel Check-in, 02:00 PM Shalimar Bagh, 04:30 PM Nishat Bagh, 06:30 PM Dal Lake Shikara Ride. How should Transix adapt the schedule?","{""recoveryAction"": ""SCHEDULE_COMPRESSION_AND_DEFERRAL"", ""timeBufferAddedMinutes"": 45, ""scheduleChanges"": [{""activity"": ""Airport to Srinagar Hotel Transfer"", ""newTime"": ""03:30 PM - 04:30 PM"", ""status"": ""SHIFTED""}, {""activity"": ""Hotel Check-in & Freshen-up"", ""newTime"": ""04:30 PM - 05:15 PM"", ""status"": ""SHIFTED""}, {""activity"": ""Dal Lake Sunset Shikara Ride"", ""newTime"": ""05:45 PM - 07:15 PM"", ""status"": ""PRESERVED_AS_EVENING_HIGHLIGHT""}, {""activity"": ""Shalimar Bagh & Nishat Bagh"", ""newTime"": ""Deferred to Day 4 Morning"", ""status"": ""DEFERRED_DUE_TO_EARLY_CLOSING""}], ""rationale"": ""Mughal gardens close at 06:00 PM; attempting them after late landing would cause rushed experience and conflict. Dal Lake Shikara is ideal for twilight and evening relaxation.""}"
"On Day 3 in Gulmarg, heavy rainfall and localized mountain wind warnings are forecasted from 10:00 AM to 03:00 PM. The planned activity is Gulmarg Meadow Open Trek and Outdoor Golf Course Walk. Provide the smart replacement recommendation.","{""weatherDisruptionSeverity"": ""HIGH_PRECIPITATION"", ""activityReplacement"": {""originalActivity"": ""Gulmarg Meadow Open Trek & Golf Course"", ""recommendedAlternative"": ""St. Mary Church Heritage Interior & Gulmarg Indoor Highlands Club Lounge"", ""category"": ""Indoor Cultural & Leisure"", ""costVariance"": 0, ""durationMinutes"": 120, ""safetyAdvantage"": ""Eliminates slippery terrain risk and exposure to high winds while preserving local cultural immersion.""}, ""bufferAdjustment"": ""Add 30-minute vehicle transit buffer due to reduced road visibility and rain conditions.""}"
"Plan logistics and cost distribution for a 45-passenger Campus Student Tour to Himachal Pradesh (Manali) with total allocated budget of INR 2,25,000 for 5 days. Ensure fleet sizing, accommodation sharing, and safety protocols.","{""feasibilityScore"": 91, ""budgetAssessment"": {""totalEstimatedCost"": 207000, ""approvedBudget"": 225000, ""remainingBuffer"": 18000, ""perStudentCost"": 4600, ""status"": ""WITHIN_BUDGET""}, ""fleetRecommendation"": ""1x 49-Seater Luxury AC Coach or 2x 26-Seater Tempo Travellers with GPS Tracking."", ""roomDistribution"": ""Quad-sharing (4 students per room) in verified youth/campus-compliant hotel, requiring 12 standard rooms + 1 chaperone room."", ""safetyRules"": [""Mandatory headcount before coach departure from all waypoints."", ""Night curfew at 09:30 PM with active hotel concierge check."", ""Designated campus coordinator emergency contact card distributed digitally to all students.""]}"
"Traveler profile: Active Adventure Couple. Destination: Leh Ladakh. Duration: 5 Days. Assess Day 1 altitude acclimatization and day-by-day pacing constraints.","{""feasibilityScore"": 96, ""altitudeAcclimatizationProtocol"": {""day1Rule"": ""MANDATORY_REST_AND_HYDRATION"", ""permittedActivities"": [""Hotel indoor rest"", ""Gentle evening stroll in Leh Market (< 45 mins)""], ""prohibitedActivities"": [""Khardung La ascent"", ""Pangong Tso drive"", ""High-intensity cycling/hiking""], ""hydrationTargetLiters"": 4}, ""pacingProfile"": ""GRADUATED_ELEVATION"", ""suggestedProgression"": [""Day 1: Leh Arrival (3,500m) - Rest & Acclimatization"", ""Day 2: Sham Valley (Alchi / Likir) - Low-altitude gradual exploration"", ""Day 3: Nubra Valley via Khardung La (5,359m transit, sleeping at 3,000m Diskit)"", ""Day 4: Pangong Lake (4,250m) excursion"", ""Day 5: Leh return & departure flight""]}"
"A traveler arrives by express train at New Delhi Railway Station at 06:15 AM. Hotel check-in in Aerocity is officially at 02:00 PM. How should Transix handle the 7.5-hour accommodation gap without stranding the traveler?","{""gapDurationMinutes"": 465, ""handlingStrategy"": ""EARLY_CHECKIN_OR_LUGGAGE_CONCIERGE_WITH_TRANSIT_LOUNGE"", ""steps"": [{""time"": ""06:30 AM - 07:30 AM"", ""action"": ""Station Executive Lounge access for breakfast and freshening up.""}, {""time"": ""08:00 AM - 09:00 AM"", ""action"": ""Transfer luggage directly to hotel luggage cloakroom / bell desk for secure storage.""}, {""time"": ""09:30 AM - 01:00 PM"", ""action"": ""Low-fatigue guided morning exploration: Qutub Minar & National Rail Museum.""}, {""time"": ""01:30 PM - 02:00 PM"", ""action"": ""Return to hotel for standard contactless room check-in.""}], ""travelerImpact"": ""Zero wasted hours, zero luggage hassle, seamless transition into room at regular check-in hour.""}"
"Verify budget compliance for a 4-person Jaipur-Udaipur tour. Approved budget: INR 55,000. Quotes received: 3-Star Hotels (4 nights) = INR 22,000; Intercity Cab & Local Sightseeing = INR 18,500; Meals & Tolls = INR 9,500; Entry Fort Tickets = INR 3,800. What is the financial audit verdict?","{""feasibilityScore"": 93, ""budgetAssessment"": {""approvedBudget"": 55000, ""totalEstimatedCost"": 53800, ""remainingBuffer"": 1200, ""bufferPercentage"": 2.18, ""status"": ""TIGHT_BUDGET_WARNING"", ""financialVerdict"": ""Cost is within the absolute ceiling of INR 55,000, but emergency buffer is only 2.18% (recommended buffer is 8-10%)."", ""optimizationProposal"": ""Opt for pre-purchased composite museum passes (saving ~INR 800) and identify pre-fixed meal packages to widen the contingency safety margin to INR 2,500.""}}"
"A 3-day corporate team offsite in Goa has a return flight departing Dabolim Airport (GOI) on Sunday at 18:30. What is the latest feasible afternoon checkout and activity completion timeline?","{""departureTime"": ""18:30"", ""flightType"": ""DOMESTIC"", ""calculatedTimeline"": {""recommendedAirportArrival"": ""16:30 (120 mins before departure for group baggage drop)"", ""resortDepartureTime"": ""15:15 (allowing 60-75 mins transfer buffer from North/South Goa)"", ""resortCheckoutTime"": ""12:00 PM (standard checkout with luggage held at reception)"", ""afternoonActivityCutoff"": ""14:30 (all lunch and nearby beach walks must conclude by 14:30 to avoid highway traffic risk)""}, ""complianceCheck"": ""FEASIBLE_WITH_ZERO_FLIGHT_RISK""}"
"An itinerary for Agra has scheduled Taj Mahal visit on Friday. Taj Mahal is strictly closed to the general public on Fridays. Identify the conflict and specify the automated Transix operational fix.","{""conflictDetected"": ""MONUMENT_SCHEDULE_CLOSURE"", ""details"": ""Taj Mahal is closed for tourists every Friday for prayers."", ""automatedResolution"": {""action"": ""INTRA_DAY_OR_ADJACENT_DAY_SWAP"", ""fridayAlternative"": ""Visit Agra Fort, Itmad-ud-Daulah (Baby Taj), and Mehtab Bagh for panoramic sunset view of Taj Mahal across the Yamuna River."", ""rescheduledTajMahalSlot"": ""Saturday early morning sunrise (06:00 AM - 08:30 AM) when lighting and crowd conditions are optimal."", ""ticketImpact"": ""Zero cancellation penalty if adjusted prior to 24 hours.""}}"
"Explain the geographical stay clustering rule for Kashmir: why should a traveler never stay in Srinagar while doing consecutive morning activities in Gulmarg and Pahalgam?","{""ruleName"": ""GEOGRAPHIC_STAY_CLUSTERING"", ""analysis"": {""srinagarToGulmargRoundTrip"": ""50 km each way, taking 2 to 2.5 hours each direction (total 4.5 - 5 hours daily travel)."", ""srinagarToPahalgamRoundTrip"": ""90 km each way, taking 2.5 to 3 hours each direction (total 5 - 6 hours daily travel)."", ""totalWastedTransitIfBasedInSrinagar"": ""Over 10 hours lost to redundant back-and-forth road transit over 2 days.""}, ""optimalClusteringTopology"": [""Segment 1: Srinagar (Nights 1-2) - Local sightseeing, Dal Lake, Mughal Gardens."", ""Segment 2: Gulmarg (Night 3) - Gondola Phase 1 & 2, snow activities without early dawn rush."", ""Segment 3: Pahalgam (Nights 4-5) - Betaab Valley, Aru, Lidder river without cross-valley transit fatigue."", ""Segment 4: Srinagar (Night 6 / Departure Day) - Final market and airport exit.""], ""efficiencyGain"": ""Saves 8 hours of transit time and reduces transport fuel costs by ~25%.""}"
